{"x": [0.057692307978868484, 0.061518896371126175, 0.07999452948570251, 0.10998912155628204, 0.1499759554862976, 0.19707612693309784, 0.24415524303913116, 0.2906918525695801, 0.3369849920272827, 0.38306692242622375, 0.42740732431411743, 0.4670029282569885, 0.4977107644081116, 0.510639488697052, 0.5131663084030151, 0.5131663084030151, 0.5196850895881653, 0.5270277261734009, 0.5340800881385803, 0.5390318632125854, 0.542271614074707, 0.5442934036254883, 0.5456811189651489, 0.5466289520263672, 0.5466289520263672, 0.5466289520263672, 0.5466289520263672, 0.5466289520263672, 0.5466289520263672, 0.5466289520263672, 0.5466289520263672, 0.5466289520263672, 0.5418597459793091, 0.5390307307243347, 0.5424321293830872, 0.547396719455719, 0.5508444905281067, 0.5524142980575562, 0.5534772276878357, 0.5542716383934021, 0.554812490940094, 0.554812490940094, 0.5628127455711365, 0.5823140144348145, 0.6103845834732056, 0.6436365246772766, 0.6775464415550232, 0.7033588290214539, 0.7138556838035583, 0.7164272665977478, 0.7164272665977478, 0.7288191914558411, 0.7506376504898071, 0.78118497133255, 0.8187693357467651, 0.8589982390403748, 0.8916928172111511, 0.9059662818908691, 0.908742368221283, 0.908742368221283, 0.9189683794975281, 0.923337996006012, 0.9181368947029114, 0.9120988845825195, 0.9137507677078247, 0.9159038662910461, 0.916476845741272, 0.9165307879447937, 0.9165307879447937, 0.9165307879447937, 0.9165307879447937, 0.9165307879447937, 0.9165307879447937, 0.9165308475494385, 0.9165309071540833, 0.9167397022247314, 0.9165797233581543, 0.9165797829627991, 0.9165797829627991, 0.9166283011436462, 0.9166635870933533, 0.9166635870933533, 0.9166635870933533, 0.9166635870933533, 0.9166635870933533, 0.9166635870933533, 0.9166635870933533, 0.9166635870933533, 0.9105870723724365, 0.9101505279541016, 0.910150408744812, 0.910677433013916, 0.9114290475845337, 0.911428689956665, 0.9114283323287964, 0.912226676940918, 0.9118713140487671, 0.9118712544441223, 0.9118712544441223, 0.907231330871582, 0.886635959148407, 0.8542017340660095, 0.8126009702682495, 0.7647761702537537, 0.7199154496192932, 0.6823309659957886, 0.659601628780365, 0.6538651585578918], "y": [0.9333333373069763, 0.9240951538085938, 0.9164422750473022, 0.9164422750473022, 0.9164422750473022, 0.8997632265090942, 0.8830916285514832, 0.8652279376983643, 0.8474577069282532, 0.8311392664909363, 0.8154375553131104, 0.8002382516860962, 0.7902606725692749, 0.7856823801994324, 0.7849339246749878, 0.7849339246749878, 0.7801977396011353, 0.7728551626205444, 0.7661626935005188, 0.7609446048736572, 0.7577048540115356, 0.7556830644607544, 0.7543661594390869, 0.7533673644065857, 0.7533673644065857, 0.7533673644065857, 0.7533673644065857, 0.7533673644065857, 0.7533673644065857, 0.7533673644065857, 0.7533673644065857, 0.7533673644065857, 0.7554907202720642, 0.7628604769706726, 0.7705002427101135, 0.77521151304245, 0.7784833312034607, 0.7812023162841797, 0.7830434441566467, 0.7843398451805115, 0.7853360176086426, 0.7853360176086426, 0.7925395369529724, 0.796684741973877, 0.7988940477371216, 0.8068772554397583, 0.8159635663032532, 0.8214502930641174, 0.8239704370498657, 0.8245878219604492, 0.8245878219604492, 0.824587881565094, 0.8245880007743835, 0.8253880739212036, 0.826372504234314, 0.8263727426528931, 0.8263729810714722, 0.8267468214035034, 0.8265283703804016, 0.8265283703804016, 0.819887638092041, 0.7993311285972595, 0.7712673544883728, 0.7386875748634338, 0.7071722745895386, 0.6866884827613831, 0.6794092059135437, 0.6773509383201599, 0.6773509383201599, 0.6773509383201599, 0.6773509383201599, 0.6773509383201599, 0.6773509383201599, 0.6716049909591675, 0.6633731722831726, 0.6554015278816223, 0.6492898464202881, 0.6451913714408875, 0.6425034403800964, 0.6406522393226624, 0.6393046975135803, 0.6393046975135803, 0.6393046975135803, 0.6393046975135803, 0.6393046975135803, 0.6393046975135803, 0.6393046975135803, 0.6393046975135803, 0.6416372060775757, 0.6426176428794861, 0.6534104943275452, 0.6735430955886841, 0.7022560238838196, 0.7377461791038513, 0.775513768196106, 0.8060121536254883, 0.8195788264274597, 0.8225904107093811, 0.8225904107093811, 0.834677517414093, 0.8445007801055908, 0.847053050994873, 0.851425051689148, 0.856451153755188, 0.8599812984466553, 0.8629388809204102, 0.8641298413276672, 0.8647326827049255], "r": [-1.5707963705062866, 5.105088233947754, 5.890486240386963, 0.0, 0.0, 5.942846298217773, 5.942846298217773, 5.916666507720947, 5.916666507720947, 5.942846775054932, 5.942846775054932, 5.9166669845581055, 5.969027042388916, 5.94284725189209, 5.9952073097229, 5.9952073097229, 5.654868125915527, 5.497788906097412, 5.5239691734313965, 5.471609592437744, 5.4977898597717285, 5.497790336608887, 5.523970603942871, 5.471611022949219, 5.471611022949219, 5.471611022949219, 5.471611022949219, 5.471611022949219, 5.471611022949219, 5.078911781311035, 4.293513774871826, 3.508115530014038, 2.72271728515625, 1.937319040298462, 1.1519207954406738, 0.7592216730117798, 0.7592216730117798, 1.0472010374069214, 1.0472010374069214, 1.0210211277008057, 1.0733810663223267, 1.0733810663223267, 0.7330419421195984, 0.20944327116012573, 0.07854370027780533, 0.23562347888946533, 0.26180359721183777, 0.20944392681121826, 0.23562410473823547, 0.23562437295913696, 0.23562437295913696, 5.188901013752911e-06, 5.4794736570329405e-06, 0.02618573047220707, 0.026186050847172737, 6.461073553509777e-06, 6.8485037445498165e-06, 0.02618720568716526, 6.204653263092041, 6.204653263092041, 5.707234859466553, 4.921836853027344, 4.52913761138916, 4.52913761138916, 4.76475715637207, 4.817117214202881, 4.790937423706055, 4.738577842712402, 4.738577842712402, 4.738577842712402, 4.738577842712402, 4.738577842712402, 4.738577842712402, 4.712398052215576, 4.712398052215576, 4.738577842712402, 4.68621826171875, 4.712398529052734, 4.712398529052734, 4.738578796386719, 4.738578796386719, 4.738578796386719, 4.738578796386719, 4.738578796386719, 4.738578796386719, 4.738578796386719, 4.345879554748535, 3.560481309890747, 2.775083065032959, 1.989684820175171, 1.5708057880401611, 1.5446258783340454, 1.5446258783340454, 1.5708059072494507, 1.5708060264587402, 1.5446261167526245, 1.5969860553741455, 1.5708062648773193, 1.5708062648773193, 1.9373255968093872, 2.6965439319610596, 3.063063144683838, 3.0368833541870117, 3.0368833541870117, 3.063063383102417, 3.063063621520996, 3.0892436504364014, 3.03688383102417],