{"x": [0.057692307978868484, 0.06151914224028587, 0.0799967348575592, 0.1099967285990715, 0.14999672770500183, 0.1995689570903778, 0.2491411715745926, 0.29886719584465027, 0.3485930860042572, 0.3981647491455078, 0.44773539900779724, 0.4974571764469147, 0.5471714735031128, 0.5967118144035339, 0.6461973786354065, 0.6956875324249268, 0.7447753548622131, 0.7926401495933533, 0.83772873878479, 0.8762894868850708, 0.9011443853378296, 0.9079928994178772, 0.9079928994178772, 0.9225161075592041, 0.9313690662384033, 0.9278222918510437, 0.9209144711494446, 0.9178434014320374, 0.9173722267150879, 0.9169585108757019, 0.9169585108757019, 0.9169585108757019, 0.9169585108757019, 0.9169585108757019, 0.9169585108757019, 0.9179131984710693, 0.9198169708251953, 0.9234296679496765, 0.9281970858573914, 0.9327685236930847, 0.9372004270553589, 0.9421377778053284, 0.9441380500793457, 0.945039689540863, 0.945039689540863, 0.9448858499526978, 0.9453063011169434, 0.9457771182060242, 0.9455702900886536, 0.9454455375671387, 0.9455447793006897, 0.9455835223197937, 0.9455726146697998, 0.9455726146697998, 0.9435087442398071, 0.9376806616783142, 0.9321161508560181, 0.9280175566673279, 0.9251360893249512, 0.9231293797492981, 0.9216737151145935, 0.920579731464386, 0.920579731464386, 0.920579731464386, 0.920579731464386, 0.920579731464386, 0.920579731464386, 0.9118314981460571, 0.8958784937858582, 0.8752511739730835, 0.8541237115859985, 0.8377061486244202, 0.8286318182945251, 0.8245710134506226, 0.8225136995315552, 0.8211828470230103, 0.8211828470230103, 0.8105361461639404, 0.8006733059883118, 0.797799289226532, 0.7941597700119019, 0.7887523174285889, 0.7839022278785706, 0.781126081943512, 0.7800049781799316, 0.7796022295951843, 0.7796022295951843, 0.7732771039009094, 0.756142795085907, 0.7356605529785156, 0.7158937454223633, 0.7011386752128601, 0.6934439539909363, 0.6899506449699402, 0.6880863904953003, 0.6868331432342529, 0.6868331432342529, 0.6771314740180969, 0.6711006760597229, 0.6733909845352173, 0.6753222346305847, 0.6583244800567627, 0.6415661573410034, 0.628317654132843, 0.621457576751709, 0.6197046041488647, 0.6197046041488647, 0.6161848306655884, 0.610540509223938, 0.6028888821601868, 0.5951659679412842, 0.5898216962814331, 0.5866751074790955, 0.5855388045310974, 0.5849982500076294, 0.5846180319786072], "y": [0.9333333373069763, 0.924094557762146, 0.9164409041404724, 0.9164409041404724, 0.9164409041404724, 0.9099146127700806, 0.9033883213996887, 0.8981619477272034, 0.892935574054718, 0.8864094018936157, 0.879883348941803, 0.8746574521064758, 0.8694323301315308, 0.8629103302955627, 0.8563955426216125, 0.8511940240859985, 0.846034824848175, 0.8397334814071655, 0.8337976336479187, 0.8297448754310608, 0.8271326422691345, 0.8265936970710754, 0.8265936970710754, 0.8196665644645691, 0.7966041564941406, 0.764982283115387, 0.7304106950759888, 0.6996405720710754, 0.6827684640884399, 0.6780390739440918, 0.6780390739440918, 0.6780390739440918, 0.6780390739440918, 0.6780390739440918, 0.6780390739440918, 0.668125331401825, 0.6483555436134338, 0.6189342737197876, 0.5801095366477966, 0.5326371788978577, 0.4866138994693756, 0.44640499353408813, 0.4178033769130707, 0.40844041109085083, 0.40844041109085083, 0.3907943069934845, 0.36671867966651917, 0.33976122736930847, 0.316036581993103, 0.3017220199108124, 0.29604044556617737, 0.29382219910621643, 0.2925696074962616, 0.2925696074962616, 0.2880406975746155, 0.2858615815639496, 0.28649550676345825, 0.28729215264320374, 0.28754422068595886, 0.2877728343009949, 0.2879386842250824, 0.2880343794822693, 0.2880343794822693, 0.2880343794822693, 0.2880343794822693, 0.2880343794822693, 0.2880343794822693, 0.288110613822937, 0.2882496416568756, 0.2878893315792084, 0.28862684965133667, 0.28876993060112, 0.28884899616241455, 0.28877806663513184, 0.2887421250343323, 0.28868401050567627, 0.28868401050567627, 0.2922461926937103, 0.3107949197292328, 0.34119394421577454, 0.3804205060005188, 0.42644596099853516, 0.46835869550704956, 0.5000843405723572, 0.5131593346595764, 0.5156184434890747, 0.5156184434890747, 0.5242603421211243, 0.5269125699996948, 0.5219191908836365, 0.5171002149581909, 0.5193841457366943, 0.5209915041923523, 0.5216262936592102, 0.5219650268554688, 0.5221590399742126, 0.5221590399742126, 0.5277150273323059, 0.5478153824806213, 0.5782824754714966, 0.6177836060523987, 0.661604106426239, 0.7016642689704895, 0.7333343625068665, 0.748598039150238, 0.7516098022460938, 0.7516098022460938, 0.7633410096168518, 0.782153308391571, 0.8054243922233582, 0.8289123177528381, 0.8467243909835815, 0.8555120229721069, 0.8589679598808289, 0.8606119751930237, 0.861673891544342], "r": [-1.5707963705062866, 5.105088233947754, 5.890486240386963, 0.0, 0.0, 6.152286052703857, 6.152286052703857, 6.178466320037842, 6.178466320037842, 6.152286529541016, 6.152286529541016, 6.178466796875, 6.178467273712158, 6.152287483215332, 6.15228796005249, 6.178468227386475, 6.178468704223633, 6.152288913726807, 6.152289390563965, 6.178469657897949, 6.178470134735107, 6.204650402069092, 6.204650402069092, 5.838131904602051, 5.078914165496826, 4.600694179534912, 4.515173435211182, 4.612912178039551, 4.684471130371094, 4.625130653381348, 4.625130653381348, 4.625130653381348, 4.625130653381348, 4.625130653381348, 4.625130653381348, 4.808390140533447, 4.808390140533447, 4.834569931030273, 4.834569931030273, 4.808390140533447, 4.808390140533447, 4.834570407867432, 4.782210826873779, 4.808391094207764, 4.808391094207764, 4.703671455383301, 4.729851722717285, 4.729852199554443, 4.703672409057617, 4.703672885894775, 4.72985315322876, 4.729853630065918, 4.703673839569092, 4.703673839569092, 4.28479528427124, 3.499397039413452, 3.028158187866211, 2.949618339538574, 3.054338216781616, 3.02815842628479, 3.02815842628479, 3.0543384552001953, 3.0543384552001953, 3.0543384552001953, 3.0543384552001953, 3.0543384552001953, 3.0543384552001953, 3.132878303527832, 3.132878303527832, 3.1590583324432373, 3.106698513031006, 3.132878541946411, 3.1328787803649902, 3.1590588092803955, 3.1590590476989746, 3.185239315032959, 3.185239315032959, 2.8187203407287598, 2.059502363204956, 1.6650582551956177, 1.6633131504058838, 1.6877480745315552, 1.6860030889511108, 1.6580781936645508, 1.6563332080841064, 1.7331280708312988, 1.7331280708312988, 2.2026219367980957, 2.988020181655884, 3.3807191848754883, 3.3807191848754883, 2.988020181655884, 2.9356603622436523, 2.9618403911590576, 2.9618403911590576, 2.988020420074463, 2.988020420074463, 2.6215014457702637, 1.8622833490371704, 1.4957642555236816, 1.521944284439087, 1.9408234357833862, 1.9670034646987915, 1.967003583908081, 1.9931836128234863, 2.0979034900665283, 2.0979034900665283, 1.8622841835021973, 1.8622843027114868, 1.8884644508361816, 1.8884646892547607, 1.8622850179672241, 1.9146451950073242, 1.8884655237197876, 1.8884658813476562, 1.9146461486816406],