{"x": [0.057692307978868484, 0.06151914224028587, 0.07999671995639801, 0.10999668389558792, 0.14999660849571228, 0.19956862926483154, 0.24914050102233887, 0.2985239028930664, 0.34790557622909546, 0.39747029542922974, 0.44702211022377014, 0.4963511824607849, 0.5455853343009949, 0.5947489142417908, 0.6432194113731384, 0.6896859407424927, 0.7318857908248901, 0.7639341950416565, 0.777473509311676, 0.7800917625427246, 0.7800917625427246, 0.7800917625427246, 0.7800917625427246, 0.7800917625427246, 0.7800917625427246, 0.7847071290016174, 0.7865549325942993, 0.7853376269340515, 0.7843939661979675, 0.784073531627655, 0.7838621139526367, 0.7837647795677185, 0.7836939096450806, 0.7836939096450806, 0.7836939096450806, 0.7836939096450806, 0.7836939096450806, 0.7836939096450806, 0.7836939096450806, 0.7836939096450806, 0.7797161936759949, 0.7776881456375122, 0.7791765332221985, 0.7811748385429382, 0.7820559144020081, 0.7823392152786255, 0.7825841307640076, 0.7827061414718628, 0.7827061414718628, 0.7794889211654663, 0.7643514275550842, 0.7430543899536133, 0.7224122881889343, 0.7053049206733704, 0.6956195831298828, 0.6913381218910217, 0.689240574836731, 0.6879040598869324, 0.6879040598869324, 0.6786243319511414, 0.6672396659851074, 0.6544579863548279, 0.6403671503067017, 0.6297762393951416, 0.6242406368255615, 0.6218539476394653, 0.6205335259437561, 0.6196394562721252, 0.6196394562721252, 0.6196394562721252, 0.6196394562721252, 0.6196394562721252, 0.6196394562721252, 0.616024374961853, 0.6156358122825623, 0.6157742738723755, 0.6159409284591675, 0.6169393658638, 0.6164603233337402, 0.6165094375610352, 0.6165234446525574, 0.6165234446525574, 0.6165234446525574, 0.6165234446525574, 0.6165234446525574, 0.6165234446525574, 0.6165234446525574, 0.6165234446525574, 0.6105102896690369, 0.6100956797599792, 0.6106027364730835, 0.6125944256782532, 0.6131916046142578, 0.6139253377914429, 0.6156609654426575, 0.6170287728309631, 0.6166353225708008, 0.6166954636573792, 0.6166954636573792, 0.6126812100410461, 0.5930501222610474, 0.5613691210746765, 0.521273672580719, 0.47622108459472656, 0.43597158789634705, 0.40431690216064453, 0.3894520103931427, 0.38654249906539917], "y": [0.9333333373069763, 0.924094557762146, 0.9164409041404724, 0.9164409041404724, 0.9164409041404724, 0.9099146723747253, 0.9033884406089783, 0.8955668807029724, 0.8877456188201904, 0.8812203407287598, 0.8746967911720276, 0.8668838739395142, 0.8590859770774841, 0.8526135683059692, 0.8462324142456055, 0.8388729095458984, 0.8344376087188721, 0.8302184343338013, 0.8277091383934021, 0.8272944688796997, 0.8272944688796997, 0.8272944688796997, 0.8272944688796997, 0.8272944688796997, 0.8272944688796997, 0.8244661688804626, 0.816769540309906, 0.8090834617614746, 0.8031252026557922, 0.7990534901618958, 0.7963671684265137, 0.7945093512535095, 0.7931567430496216, 0.7931567430496216, 0.7931567430496216, 0.7931567430496216, 0.7931567430496216, 0.7931567430496216, 0.7931567430496216, 0.7931567430496216, 0.795054018497467, 0.8007809519767761, 0.8063358068466187, 0.8102577328681946, 0.8132321834564209, 0.8153839707374573, 0.8169302344322205, 0.8180911540985107, 0.8180911540985107, 0.8271761536598206, 0.8343963027000427, 0.831023097038269, 0.8230992555618286, 0.8199285268783569, 0.8212035894393921, 0.8216535449028015, 0.8218740224838257, 0.8219792246818542, 0.8219792246818542, 0.8186930418014526, 0.8064415454864502, 0.7899633646011353, 0.7749580144882202, 0.7640289664268494, 0.7581956386566162, 0.7554884552955627, 0.7541114687919617, 0.7532079815864563, 0.7532079815864563, 0.7532079815864563, 0.7532079815864563, 0.7532079815864563, 0.7532079815864563, 0.7443493604660034, 0.725795567035675, 0.6993741989135742, 0.6675742268562317, 0.6358079314231873, 0.6129348278045654, 0.6035606265068054, 0.6008925437927246, 0.6008925437927246, 0.6008925437927246, 0.6008925437927246, 0.6008925437927246, 0.6008925437927246, 0.6008925437927246, 0.6008925437927246, 0.6033464670181274, 0.6043327450752258, 0.6150854229927063, 0.6350406408309937, 0.6635549664497375, 0.6985903382301331, 0.7353970408439636, 0.7644038200378418, 0.7769226431846619, 0.7797957062721252, 0.7797957062721252, 0.791933536529541, 0.8031308054924011, 0.8088309168815613, 0.8182349801063538, 0.8326128125190735, 0.8478215932846069, 0.8588446974754333, 0.8631632328033447, 0.8642626404762268], "r": [-1.5707963705062866, 5.105088233947754, 5.890486240386963, 0.0, 0.0, 6.152286052703857, 6.152286052703857, 6.126106262207031, 6.126106262207031, 6.152286529541016, 6.152286529541016, 6.1261067390441895, 6.1261067390441895, 6.152287006378174, 6.152287483215332, 6.126107692718506, 6.178467750549316, 6.15228796005249, 6.099928379058838, 6.126108646392822, 6.126108646392822, 6.126108646392822, 6.126108646392822, 6.126108646392822, 6.126108646392822, 5.733409404754639, 4.94801139831543, 4.555312156677246, 4.555312156677246, 4.633852005004883, 4.633852005004883, 4.660031795501709, 4.660031795501709, 4.660031795501709, 4.660031795501709, 4.660031795501709, 4.660031795501709, 4.660031795501709, 4.267332553863525, 3.4819343090057373, 2.696536064147949, 1.9111378192901611, 1.3089993000030518, 1.0995597839355469, 1.282819390296936, 1.4398990869522095, 1.4137191772460938, 1.4660791158676147, 1.4660791158676147, 1.9111381769180298, 2.6965363025665283, 3.298675060272217, 3.5081145763397217, 3.324855089187622, 3.0106959342956543, 3.0368759632110596, 3.0368762016296387, 3.063056230545044, 3.063056230545044, 3.481935501098633, 3.963646411895752, 4.0526580810546875, 3.9584102630615234, 3.942702293395996, 3.953174352645874, 3.9898264408111572, 3.9479386806488037, 3.9322309494018555, 3.9322309494018555, 3.9322309494018555, 3.9322309494018555, 3.9322309494018555, 3.9322309494018555, 4.324930191040039, 4.691449165344238, 4.7176289558410645, 4.7176289558410645, 4.743808746337891, 4.691449165344238, 4.717629432678223, 4.717629432678223, 4.717629432678223, 4.717629432678223, 4.717629432678223, 4.717629432678223, 4.717629432678223, 4.324930191040039, 3.539531946182251, 2.754133701324463, 1.9687354564666748, 1.5236765146255493, 1.4713166952133179, 1.5498565435409546, 1.5498565435409546, 1.5236766338348389, 1.5236767530441284, 1.6022167205810547, 1.5498570203781128, 1.5498570203781128, 1.8901963233947754, 2.623234748840332, 2.963574171066284, 2.9112143516540527, 2.832674741744995, 2.7803149223327637, 2.806494951248169, 2.8588550090789795, 2.780315399169922],